Monetary,Recency,Frequency,tenure,ID#
138,28,3,40,2
240,14,1,14,30
97,6,2,10,59
348,2,7,38,89
239,20,2,28,96
253,10,4,20,120
118,16,1,16,128
326,14,2,22,131
249,12,3,20,139
294,10,12,58,177
301,2,2,4,181
219,32,2,40,188
227,30,2,34,231
328,26,12,62,245
54,14,3,22,289
196,2,12,26,320
88,10,2,16,335
109,8,4,18,342
257,14,12,76,355
207,4,7,22,381
265,16,1,16,396
69,14,2,18,408
310,12,1,12,478
284,16,2,20,486
70,14,2,18,496
169,14,11,40,530
174,16,9,56,536
41,8,1,8,546
431,28,12,68,566
104,8,2,16,583
237,30,3,44,601
232,8,1,8,627
134,12,6,34,684
151,14,6,32,686
62,8,1,8,691
444,36,12,62,726
239,8,7,30,790
273,12,3,24,804
278,12,2,18,816
169,6,2,8,825
389,12,10,62,857
365,2,6,26,870
347,16,8,42,881
375,8,8,52,887
123,16,1,16,897
107,2,2,8,920
61,14,2,22,933
177,10,2,18,956
452,10,11,42,960
97,4,2,6,1033
280,10,7,32,1039
231,4,1,4,1071
230,16,12,84,1072
293,2,2,8,1074
297,14,10,72,1094
143,4,6,38,1106
215,16,6,34,1110
209,4,1,4,1125
353,8,9,38,1134
31,8,2,12,1308
232,12,1,12,1326
392,4,10,38,1398
207,16,1,16,1412
176,8,11,64,1432
244,10,2,14,1454
248,8,2,10,1461
186,6,1,6,1511
260,22,1,22,1523
238,10,7,24,1566
249,12,1,12,1569
219,10,7,34,1581
88,14,2,22,1584
286,14,1,14,1586
396,16,12,62,1607
196,12,2,16,1609
126,6,2,8,1612
217,16,1,16,1681
246,8,2,16,1688
230,22,2,26,1744
311,24,1,24,1809
163,18,4,28,1827
165,14,1,14,1866
304,6,1,6,1876
173,16,8,56,1877
388,14,10,54,1901
137,16,2,18,1972
139,4,2,12,2009
307,36,2,44,2012
248,14,1,14,2015
221,14,1,14,2033
247,12,2,18,2037
216,14,1,14,2078
257,26,1,26,2095
240,16,8,52,2120
328,20,8,58,2152
162,8,5,32,2190
192,34,2,40,2209
238,30,5,44,2259
307,16,10,40,2303
286,18,8,40,2307
301,10,11,62,2314
35,18,1,18,2329
144,16,1,16,2335
193,10,2,18,2343
307,2,5,20,2347
35,16,2,20,2366
351,14,10,46,2379
319,12,2,16,2412
87,6,2,14,2419
81,2,1,2,2422
405,6,12,70,2441
91,16,5,42,2454
184,12,1,12,2459
124,6,2,10,2476
170,2,3,18,2500
99,14,2,16,2515
275,16,6,38,2518
69,12,1,12,2531
162,10,2,18,2552
229,16,1,16,2559
204,32,4,44,2574
161,10,1,10,2576
279,10,2,16,2582
189,18,3,32,2608
214,6,1,6,2685
165,12,8,32,2708
219,12,6,34,2721
222,34,9,54,2729
200,16,2,18,2732
121,12,1,12,2778
281,30,1,30,2794
114,2,7,18,2832
58,10,2,16,2833
134,6,2,14,2886
124,14,1,14,2888
218,4,2,8,2923
237,12,1,12,2955
228,26,2,28,2971
238,16,4,32,3003
265,4,2,8,3020
118,14,2,22,3111
267,16,1,16,3128
200,16,2,18,3132
272,4,12,30,3182
154,6,2,14,3198
287,30,1,30,3213
216,14,9,66,3216
69,12,2,18,3247
43,16,1,16,3273
55,14,1,14,3300
237,16,1,16,3379
195,6,1,6,3385
320,10,2,14,3410
31,4,1,4,3425
94,10,6,30,3429
94,8,2,12,3432
181,12,4,28,3443
265,16,2,24,3467
222,28,9,60,3558
205,14,12,56,3611
371,10,10,52,3637
125,18,1,18,3638
216,16,2,24,3639
272,12,1,12,3764
325,4,2,10,3768
191,4,2,10,3869
216,10,1,10,3879
349,12,6,40,3923
214,10,2,12,3997
161,2,5,18,4019
106,14,1,14,4032
88,30,2,38,4056
375,22,9,48,4057
192,12,1,12,4065
261,4,10,58,4095
334,22,4,36,4116
81,22,2,26,4142
126,10,2,16,4179
178,8,1,8,4195
177,34,2,38,4232
86,6,2,10,4243
376,10,10,54,4245
111,8,1,8,4247
266,6,2,14,4276
196,14,2,22,4279
376,12,9,34,4291
222,14,9,50,4342
248,28,2,30,4355
200,10,1,10,4372
285,2,1,2,4389
303,12,2,16,4390
132,18,2,20,4412
323,12,2,20,4438
133,16,5,40,4456
265,8,2,10,4480
145,4,1,4,4544
62,30,1,30,4626
78,10,5,24,4684
188,8,7,34,4685
40,12,2,18,4742
171,6,10,44,4757
310,12,8,46,4887
114,10,1,10,4893
102,28,2,30,4905
259,8,5,20,4927
302,4,8,32,4934
211,28,5,48,4938
417,14,11,70,4958
155,16,4,26,4977
112,18,2,24,5002
158,8,1,8,5003
35,14,1,14,5084
106,16,1,16,5091
58,4,1,4,5108
46,22,2,28,5138
238,14,7,28,5143
315,14,5,34,5154
216,22,1,22,5175
106,4,1,4,5190
66,2,1,2,5227
233,8,12,36,5232
81,30,2,32,5274
56,14,1,14,5284
192,30,2,36,5289
147,14,7,44,5307
228,28,8,66,5353
159,16,2,20,5354
143,14,1,14,5367
342,26,10,82,5467
291,36,1,36,5478
214,30,1,30,5499
284,34,4,44,5558
23,18,1,18,5563
142,32,1,32,5627
199,8,1,8,5653
233,10,2,14,5656
149,12,2,18,5661
132,20,3,36,5673
231,2,2,8,5679
113,14,2,20,5688
214,6,2,10,5699
43,10,2,14,5707
367,12,11,70,5733
206,20,1,20,5762
171,12,2,14,5770
291,12,11,34,5775
315,2,5,28,5882
167,14,1,14,5910
71,10,1,10,5917
286,12,2,14,5968
184,16,1,16,5980
174,8,1,8,6007
125,16,6,46,6036
31,10,2,12,6072
239,16,1,16,6075
283,10,2,16,6128
284,34,2,38,6133
171,8,2,16,6143
149,10,1,10,6211
80,2,2,10,6251
140,10,1,10,6284
67,24,2,32,6300
91,34,1,34,6313
185,10,1,10,6328
303,10,2,14,6338
334,8,3,20,6360
282,2,10,38,6401
300,2,2,6,6425
206,12,2,14,6484
198,10,3,16,6490
188,10,10,58,6494
336,8,10,66,6516
152,6,7,36,6543
264,12,4,26,6615
88,10,3,26,6617
73,6,2,8,6649
274,26,1,26,6667
23,2,1,2,6687
92,6,1,6,6717
75,32,1,32,6745
187,4,2,12,6762
86,8,1,8,6763
81,4,1,4,6777
202,12,1,12,6780
424,24,9,58,6792
272,12,2,14,6799
82,8,1,8,6846
217,12,2,18,6862
76,32,2,40,6870
274,14,2,16,6886
191,6,2,8,6892
164,14,5,34,6899
69,10,4,22,6904
191,8,9,58,6944
207,26,6,58,7002
205,16,5,38,7049
82,10,4,22,7080
181,26,12,62,7100
233,16,1,16,7124
155,34,5,46,7168
130,16,1,16,7180
401,16,8,54,7205
342,16,8,56,7252
138,14,1,14,7269
381,10,9,44,7291
170,8,1,8,7296
242,4,1,4,7311
274,20,6,38,7330
157,6,2,14,7386
177,10,9,30,7450
242,34,9,66,7477
70,2,2,10,7478
224,18,2,22,7528
223,2,2,10,7591
212,12,12,42,7609
124,14,1,14,7669
133,18,2,22,7701
55,12,1,12,7736
325,14,2,20,7773
213,10,2,18,7783
171,26,2,32,7820
228,4,2,10,7860
302,6,2,8,7863
62,14,1,14,7872
303,12,2,16,7916
198,16,1,16,7924
159,14,2,20,7938
414,10,9,40,7954
235,16,2,20,7984
321,2,2,8,8052
230,32,2,38,8062
141,4,6,36,8075
293,2,2,4,8104
300,6,1,6,8114
99,10,5,38,8134
393,24,8,68,8182
164,2,6,20,8194
272,14,2,16,8214
111,8,2,14,8224
256,14,12,40,8233
275,20,2,24,8257
335,4,4,16,8258
319,12,11,58,8277
36,18,1,18,8316
218,16,6,42,8322
147,12,2,14,8342
48,4,2,8,8411
317,14,10,42,8441
269,16,1,16,8455
244,6,10,40,8517
442,14,12,40,8535
304,16,2,24,8563
35,32,1,32,8604
401,16,8,42,8614
131,2,4,12,8630
311,20,1,20,8660
57,12,2,14,8703
168,16,2,20,8717
78,12,2,14,8739
22,8,1,8,8761
281,14,11,58,8783
174,34,2,42,8793
391,36,8,68,8836
106,8,2,16,8855
301,34,2,40,8887
80,6,2,10,8932
348,10,8,32,8936
152,6,1,6,8993
172,32,2,38,8996
58,14,1,14,9018
98,2,2,6,9054
282,4,2,10,9129
88,8,5,34,9173
212,14,9,36,9179
182,32,2,38,9210
219,8,1,8,9223
157,12,3,28,9224
212,12,1,12,9236
256,16,7,40,9310
301,4,3,18,9358
209,10,12,50,9364
206,10,3,16,9376
97,14,2,16,9407
74,22,2,26,9426
128,12,2,18,9429
117,10,1,10,9433
62,24,2,28,9437
262,4,1,4,9439
230,4,1,4,9460
419,8,11,52,9509
202,10,1,10,9521
265,8,1,8,9585
304,32,1,32,9601
96,16,1,16,9619
84,16,4,36,9717
19,14,1,14,9718
155,6,1,6,9741
70,30,2,38,9744
111,2,1,2,9819
291,6,2,10,9822
165,10,1,10,9826
300,26,8,70,9845
303,20,2,28,9849
71,12,1,12,9853
339,14,9,52,9921
158,20,6,32,9947
176,8,6,30,9986
46,16,2,24,9990
117,8,2,16,10031
259,10,1,10,10046
261,16,1,16,10083
314,10,10,48,10087
120,14,2,22,10127
295,6,2,14,10170
188,18,2,26,10208
127,4,2,12,10219
236,10,3,20,10224
261,14,1,14,10229
327,14,5,24,10360
189,10,1,10,10388
325,4,10,40,10410
96,14,1,14,10460
148,16,1,16,10503
295,10,1,10,10504
70,4,2,8,10522
96,32,2,40,10524
98,10,2,16,10531
260,16,2,20,10573
334,20,5,44,10588
68,4,2,10,10606
157,10,7,36,10675
240,32,2,34,10702
26,8,1,8,10789
276,2,2,6,10802
215,6,4,26,10815
175,14,1,14,10847
229,34,1,34,10902
240,34,2,40,10906
372,10,12,44,10910
234,2,1,2,10912
309,18,2,26,11004
224,2,11,52,11063
372,4,9,34,11095
415,28,12,72,11103
106,10,3,28,11137
304,10,2,16,11140
260,18,1,18,11154
258,2,1,2,11182
130,14,2,22,11305
266,12,2,18,11333
168,16,2,20,11341
56,4,1,4,11353
114,2,3,14,11354
195,12,1,12,11356
308,6,2,8,11379
79,10,1,10,11381
409,6,10,48,11409
78,16,1,16,11420
203,14,2,22,11437
194,34,10,72,11471
188,16,1,16,11474
66,10,1,10,11478
386,14,7,44,11480
194,10,5,34,11481
382,10,11,58,11531
64,2,2,6,11555
193,12,11,44,11574
118,8,1,8,11663
63,8,1,8,11732
67,4,1,4,11746
322,24,2,30,11754
24,36,1,36,11757
229,24,4,32,11924
143,10,2,16,11952
108,12,1,12,11969
325,16,3,32,11973
92,8,3,16,11991
300,12,10,52,11992
169,34,5,46,11993
208,18,1,18,12003
180,12,3,22,12109
275,2,2,4,12150
220,26,5,44,12154
138,8,2,14,12199
318,22,2,30,12201
111,26,6,42,12256
140,8,1,8,12306
59,4,2,10,12307
210,28,1,28,12350
243,2,8,48,12404
267,22,1,22,12464
295,10,5,34,12505
258,24,6,44,12532
370,32,11,64,12587
158,2,2,4,12627
171,12,1,12,12629
264,16,2,18,12650
359,10,12,76,12656
17,20,1,20,12661
83,12,1,12,12697
205,4,4,26,12700
77,10,1,10,12722
263,20,1,20,12751
163,34,10,70,12760
225,8,1,8,12861
218,26,1,26,12882
179,14,1,14,12905
93,12,2,14,12911
77,26,5,50,12993
157,12,2,18,13010
121,14,8,42,13036
223,10,9,42,13107
274,2,2,6,13116
368,8,9,36,13139
149,12,1,12,13209
174,10,4,24,13268
170,8,2,10,13300
105,12,1,12,13310
84,10,1,10,13377
152,12,2,14,13387
279,16,2,22,13389
455,16,11,40,13410
174,8,2,12,13415
119,16,1,16,13439
398,10,12,68,13461
122,10,2,14,13463
144,14,9,52,13464
300,16,2,22,13488
101,2,4,18,13556
226,6,1,6,13604
371,8,9,40,13629
214,12,11,40,13634
287,4,3,16,13654
137,8,7,34,13679
301,6,1,6,13715
140,10,9,62,13720
82,30,1,30,13765
228,6,1,6,13809
286,2,2,4,13812
114,6,1,6,13864
302,30,7,66,13882
180,36,2,42,13908
226,16,12,76,13958
128,16,1,16,13982
181,14,2,20,13984
67,4,2,8,13994
408,12,10,66,14002
70,10,2,14,14006
201,10,1,10,14009
260,20,2,26,14015
69,10,1,10,14027
40,14,2,16,14056
170,4,1,4,14071
260,6,5,32,14080
153,12,1,12,14104
116,14,2,20,14108
188,8,1,8,14130
134,24,2,28,14140
115,30,5,50,14143
258,2,2,8,14158
273,12,2,16,14186
316,8,2,16,14192
276,12,5,26,14208
224,10,1,10,14215
226,16,7,56,14223
204,22,1,22,14251
204,12,12,80,14308
208,22,5,40,14314
344,6,11,38,14335
41,8,2,10,14359
232,28,7,42,14382
219,16,8,52,14385
144,10,2,16,14421
119,12,6,30,14423
428,16,10,76,14464
373,14,8,44,14482
210,22,2,28,14515
81,14,1,14,14559
354,24,5,34,14587
253,4,1,4,14605
330,14,10,64,14617
20,16,1,16,14622
153,6,4,26,14643
349,8,7,38,14646
62,36,2,38,14649
347,2,11,38,14675
296,4,1,4,14683
102,20,5,34,14721
119,16,2,22,14778
221,10,7,24,14789
231,16,1,16,14813
195,20,2,24,14819
310,16,1,16,14826
170,4,1,4,14856
93,18,2,26,14879
246,8,1,8,14891
193,14,1,14,14892
379,8,8,54,14908
214,12,1,12,14915
281,2,10,38,14920
275,2,5,22,14930
160,14,2,16,14931
175,14,1,14,14976
192,14,5,24,14980
51,12,2,20,14991
303,26,1,26,15040
82,12,2,16,15050
260,10,1,10,15056
175,16,2,20,15068
203,20,2,24,15084
175,14,2,20,15101
180,16,8,52,15102
263,12,11,68,15152
213,12,2,14,15187
36,2,1,2,15194
365,6,11,46,15201
292,16,1,16,15253
79,20,2,24,15467
218,12,2,20,15525
287,10,11,74,15567
71,6,1,6,15615
189,22,2,28,15639
114,2,1,2,15669
67,16,1,16,15690
225,4,2,8,15703
193,10,10,40,15740
237,12,2,16,15771
62,10,2,12,15799
217,6,6,28,15814
224,12,8,48,15835
89,24,1,24,15879
268,2,1,2,15919
289,6,2,8,15927
208,36,1,36,15929
398,12,8,50,15988
256,20,1,20,16064
176,10,2,12,16099
120,22,4,46,16105
207,2,5,18,16106
253,10,8,54,16115
153,12,1,12,16119
233,12,10,52,16157
367,26,12,86,16224
266,16,12,84,16235
155,28,2,36,16302
221,28,5,42,16324
288,10,2,12,16333
121,10,1,10,16363
313,10,2,18,16364
129,4,1,4,16369
124,12,2,16,16395
266,10,8,50,16442
236,4,1,4,16455
51,18,2,26,16490
149,16,1,16,16539
213,34,7,56,16581
228,8,2,16,16597
102,12,1,12,16634
304,12,1,12,16636
332,22,6,50,16669
206,6,11,70,16682
148,2,2,4,16711
188,16,8,48,16719
389,24,9,52,16720
315,16,2,18,16742
173,10,8,36,16818
205,16,5,30,16823
269,18,2,20,16853
161,6,3,18,16859
462,22,11,86,16861
291,16,2,20,16890
79,14,5,26,16894
324,12,10,48,16897
259,8,12,36,16916
284,16,1,16,16934
326,28,2,30,16961
245,36,6,60,16981
177,12,1,12,17086
462,2,11,44,17099
158,8,2,12,17131
254,12,10,34,17140
107,4,2,10,17190
253,14,1,14,17213
130,14,7,38,17229
334,8,4,28,17232
145,24,2,30,17238
81,28,1,28,17292
381,2,9,48,17306
349,8,11,64,17316
367,4,10,40,17321
170,32,3,46,17330
277,10,1,10,17339
386,10,9,44,17347
208,12,2,16,17348
128,34,7,74,17381
348,14,9,48,17424
31,2,2,6,17447
287,24,2,26,17462
208,14,8,60,17479
145,14,2,18,17481
164,14,1,14,17509
257,4,5,22,17563
25,34,1,34,17564
31,4,2,8,17589
383,2,8,18,17597
90,2,2,6,17615
240,22,1,22,17625
309,12,2,20,17667
204,26,2,28,17674
211,28,8,68,17692
233,10,10,56,17693
294,12,12,64,17711
237,6,5,30,17723
308,4,2,6,17741
235,14,4,22,17747
285,6,11,72,17793
279,12,11,54,17803
258,4,2,8,17809
223,6,8,32,17857
157,36,2,38,17861
254,10,9,54,17877
136,10,2,16,17886
92,10,3,24,17902
46,8,1,8,17938
39,10,1,10,17975
167,12,2,18,17998
242,12,1,12,18017
323,6,7,32,18050
292,8,2,10,18054
130,26,8,42,18070
108,16,4,28,18072
274,20,9,44,18084
326,16,2,24,18145
93,10,1,10,18176
102,2,6,16,18225
282,4,5,30,18227
304,8,4,28,18279
240,10,11,74,18313
154,10,1,10,18338
215,28,1,28,18370
151,6,1,6,18394
187,6,1,6,18407
223,28,9,70,18422
333,32,9,76,18441
344,6,3,18,18462
157,16,1,16,18464
388,16,8,52,18501
312,14,1,14,18531
87,22,2,26,18536
284,16,2,18,18553
81,30,4,46,18607
106,2,2,6,18667
283,4,2,8,18689
76,2,1,2,18690
313,8,12,56,18706
341,6,9,50,18725
248,14,11,60,18765
266,12,5,22,18782
89,14,1,14,18805
379,24,8,52,18826
337,30,7,52,18906
217,2,2,8,18924
242,10,2,14,18927
43,12,1,12,18930
19,30,1,30,19012
134,2,2,6,19028
177,2,5,18,19035
294,12,5,34,19045
191,8,2,12,19053
200,12,12,36,19064
244,20,1,20,19066
25,4,1,4,19084
294,12,1,12,19121
333,12,12,82,19168
235,14,6,28,19196
48,4,2,12,19200
157,16,10,36,19254
354,16,12,74,19295
255,28,1,28,19299
280,16,1,16,19376
62,2,1,2,19445
226,12,4,22,19448
361,6,8,40,19486
199,14,1,14,19492
354,14,9,34,19497
206,22,1,22,19522
166,2,2,8,19545
422,34,11,66,19546
88,4,4,26,19550
207,12,9,58,19589
336,24,4,40,19610
354,16,12,46,19625
241,20,4,28,19641
378,2,10,56,19716
267,14,2,16,19719
144,10,1,10,19720
208,18,1,18,19765
270,10,2,14,19769
81,8,1,8,19776
255,22,2,30,19778
295,6,10,28,19797
112,20,2,28,19838
90,26,1,26,19874
258,10,2,18,19913
357,10,10,56,19922
340,16,4,24,19926
224,12,2,18,19928
37,20,2,26,19935
398,34,11,82,19982
416,10,9,52,20025
29,4,1,4,20035
279,8,1,8,20037
202,8,12,78,20064
393,32,8,56,20070
111,16,2,22,20076
39,12,2,20,20113
351,16,8,62,20114
359,4,7,42,20130
278,4,8,32,20166
298,10,4,28,20172
213,22,1,22,20175
101,16,2,24,20185
127,10,2,18,20196
185,10,9,48,20199
203,2,5,20,20201
278,12,1,12,20204
319,12,5,34,20205
108,10,4,30,20220
217,4,12,66,20229
434,10,9,58,20252
196,14,12,58,20271
41,14,1,14,20323
188,2,4,20,20332
196,2,4,10,20333
61,6,2,14,20337
190,2,8,32,20355
199,10,11,34,20366
207,14,2,18,20380
256,10,7,50,20435
56,12,2,16,20461
226,4,1,4,20478
88,4,2,12,20503
98,16,2,20,20510
328,8,2,10,20513
256,14,2,20,20560
368,14,12,74,20614
235,10,1,10,20626
291,12,12,62,20639
211,6,2,8,20643
323,4,2,6,20678
15,8,1,8,20727
200,4,9,28,20729
33,6,1,6,20749
126,18,2,20,20754
459,14,11,76,20768
316,4,7,38,20855
287,4,11,62,20929
299,8,10,44,20949
158,12,2,18,20957
268,14,12,80,20963
166,14,10,50,20979
167,28,1,28,21009
207,18,11,54,21014
72,12,2,18,21054
221,14,9,62,21069
150,14,9,66,21115
118,10,1,10,21137
222,16,1,16,21140
28,10,1,10,21154
68,14,2,20,21178
149,4,1,4,21189
80,10,1,10,21220
227,16,2,24,21266
132,34,1,34,21345
174,8,1,8,21352
266,24,2,26,21361
291,6,1,6,21362
235,16,2,24,21373
128,8,2,10,21407
345,14,11,78,21434
283,10,2,16,21438
306,32,2,38,21444
265,12,3,24,21453
121,14,2,22,21461
62,14,1,14,21474
306,12,12,78,21496
237,16,1,16,21536
178,2,1,2,21547
388,2,8,18,21552
161,12,2,14,21595
275,8,2,10,21651
58,10,1,10,21661
344,14,3,20,21691
210,2,1,2,21726
149,4,2,10,21732
171,16,2,20,21813
313,10,2,18,21838
373,16,5,36,21879
320,20,12,76,21893
52,14,2,18,21917
261,12,3,28,21936
138,12,5,26,21965
225,22,7,64,21977
158,4,2,10,21985
253,8,8,30,21994
256,28,2,34,22007
48,8,1,8,22016
222,14,8,36,22074
279,14,1,14,22137
160,34,2,38,22236
263,24,2,28,22268
162,6,10,64,22281
133,16,2,18,22283
276,12,12,60,22307
200,14,8,46,22325
186,22,2,28,22361
119,14,2,18,22388
295,16,2,18,22394
329,14,5,24,22406
194,20,1,20,22412
195,2,2,6,22439
110,4,7,30,22455
176,12,8,40,22495
62,36,1,36,22515
381,16,10,72,22532
386,34,8,68,22541
145,6,9,56,22547
207,4,2,8,22549
118,14,2,18,22568
32,28,1,28,22576
32,32,2,36,22592
153,16,10,64,22619
49,36,1,36,22638
198,12,12,60,22644
105,26,2,28,22650
270,24,2,28,22653
134,10,2,14,22680
405,16,12,78,22687
300,10,2,14,22691
90,14,1,14,22697
275,20,2,22,22771
40,12,1,12,22839
203,12,1,12,22843
42,18,2,24,22844
183,6,1,6,22853
164,16,1,16,22883
265,16,2,20,22907
84,2,1,2,22916
250,30,2,34,22948
62,10,1,10,22958
341,14,12,64,23008
288,16,1,16,23023
117,10,3,24,23036
206,2,9,34,23079
311,6,10,46,23091
175,22,1,22,23138
264,10,7,44,23259
134,4,6,24,23318
260,14,3,26,23374
157,4,2,8,23395
132,6,2,10,23402
138,10,7,44,23406
254,10,1,10,23451
183,8,5,34,23494
307,12,4,34,23547
150,16,5,36,23584
380,10,6,36,23589
255,8,2,12,23594
443,12,11,66,23611
19,22,1,22,23625
265,8,2,14,23680
335,6,12,74,23715
23,12,1,12,23772
426,32,9,58,23797
99,22,4,32,23808
232,4,6,36,23828
421,16,10,56,23840
251,14,7,50,23861
116,26,7,60,23885
203,12,8,48,23887
125,22,2,28,23922
194,32,2,40,23923
195,6,1,6,23924
196,14,1,14,23932
18,14,1,14,23935
256,14,12,54,23961
221,16,1,16,23968
26,26,1,26,23969
171,14,11,58,23977
412,8,11,68,24048
113,12,3,24,24058
193,2,1,2,24064
184,32,2,38,24066
213,12,2,16,24077
180,22,2,28,24091
304,12,1,12,24109
219,4,2,12,24142
147,8,1,8,24149
131,2,8,38,24176
24,16,1,16,24199
264,16,5,30,24203
242,16,6,42,24213
179,16,10,36,24259
120,10,1,10,24281
303,14,9,42,24284
258,32,2,40,24293
181,4,2,10,24326
221,16,3,30,24393
173,10,1,10,24439
263,4,1,4,24449
292,34,2,36,24468
47,18,1,18,24496
82,12,4,32,24499
305,22,4,34,24531
254,16,3,22,24552
163,26,1,26,24562
222,12,2,18,24610
223,16,8,50,24628
144,4,5,22,24642
109,14,2,18,24691
187,4,1,4,24744
288,16,2,18,24775
115,6,1,6,24786
221,34,2,40,24794
43,10,1,10,24832
325,16,2,22,24835
291,8,2,12,24839
170,28,6,60,24853
17,6,1,6,24860
267,16,1,16,24909
56,16,1,16,24934
235,4,6,18,24943
95,16,2,24,25031
365,6,10,30,25073
327,18,4,36,25089
362,26,9,50,25226
63,10,4,18,25239
131,2,2,6,25325
216,12,2,16,25340
98,12,2,18,25366
113,12,2,18,25420
210,12,2,18,25461
165,16,1,16,25463
254,10,2,16,25486
181,8,11,48,25536
306,8,12,72,25544
364,16,10,48,25592
349,14,9,50,25597
74,12,1,12,25615
149,16,4,26,25669
211,4,1,4,25673
123,10,5,24,25681
293,14,4,34,25702
227,26,2,30,25761
252,14,2,20,25763
40,16,1,16,25765
209,14,10,42,25773
218,12,1,12,25804
214,30,3,44,25825
278,16,12,54,25840
122,12,1,12,25859
158,14,5,36,25870
367,22,7,42,25883
195,16,12,52,25899
213,14,2,18,25964
170,14,2,20,25994
323,6,2,10,25998
49,12,2,14,26041
185,12,2,16,26055
127,10,1,10,26109
249,36,11,88,26111
247,10,3,18,26118
308,20,2,24,26148
228,10,1,10,26175
253,2,4,14,26237
326,8,10,36,26249
221,4,2,6,26313
233,12,1,12,26315
438,10,10,52,26356
235,20,5,42,26396
311,14,11,48,26405
87,16,2,22,26409
323,2,8,34,26455
97,10,2,14,26485
49,2,1,2,26486
381,8,7,38,26502
373,10,5,26,26518
259,14,2,18,26525
109,14,1,14,26529
367,6,9,24,26541
294,10,10,60,26554
77,14,2,20,26637
438,8,12,32,26697
265,26,2,30,26716
188,2,1,2,26771
96,22,1,22,26803
193,10,9,60,26831
71,4,1,4,26851
285,14,11,40,26863
142,12,1,12,26883
293,12,2,18,26896
172,14,6,26,26904
144,34,9,52,26915
75,4,2,8,26922
314,18,2,26,26935
223,36,3,48,26967
215,34,2,38,26996
198,10,9,48,27020
62,14,1,14,27031
159,30,5,44,27045
241,16,7,34,27051
161,6,10,60,27063
128,12,1,12,27100
220,10,2,14,27105
214,14,12,58,27170
377,16,7,50,27189
273,14,2,16,27198
293,28,3,36,27231
260,16,2,18,27240
363,12,7,46,27328
323,16,6,50,27394
148,8,7,36,27395
159,14,2,18,27404
293,16,4,34,27446
297,12,9,62,27501
337,16,9,62,27508
329,30,12,90,27522
285,14,9,56,27534
118,10,2,14,27560
222,10,2,12,27668
65,20,1,20,27693
83,10,4,22,27739
289,10,9,32,27769
59,22,2,30,27773
149,14,2,18,27788
18,10,1,10,27846
319,32,7,62,27904
168,14,2,16,27936
308,10,7,48,27966
172,28,2,32,27996
335,4,6,34,28034
309,4,1,4,28059
312,2,1,2,28062
100,2,6,16,28100
275,12,1,12,28127
82,28,3,34,28138
301,10,1,10,28144
303,16,1,16,28153
363,26,6,52,28182
18,6,1,6,28184
224,32,9,60,28216
201,4,1,4,28238
299,4,2,8,28242
274,32,2,36,28257
477,12,12,58,28290
304,4,10,32,28416
78,16,5,38,28444
281,16,2,20,28454
44,20,1,20,28463
268,2,2,10,28472
135,16,1,16,28509
123,22,5,48,28517
162,20,1,20,28527
234,12,12,68,28537
218,16,1,16,28620
117,24,1,24,28633
174,10,8,44,28639
382,16,6,38,28644
54,22,1,22,28649
18,10,1,10,28673
188,30,12,78,28717
209,6,2,12,28762
94,12,1,12,28845
297,26,2,30,28898
198,16,2,18,28913
175,8,9,34,28936
413,16,8,60,28952
313,26,5,42,28969
291,18,1,18,28977
99,10,2,14,29062
366,8,10,44,29089
205,24,5,38,29113
39,2,1,2,29156
144,10,2,12,29172
185,4,1,4,29194
301,18,2,24,29195
19,24,1,24,29215
427,10,9,36,29225
255,8,8,50,29232
238,16,8,42,29242
34,30,2,36,29260
195,4,1,4,29290
148,8,9,28,29296
98,4,2,8,29309
337,10,6,44,29324
375,4,12,30,29341
184,10,1,10,29366
104,8,1,8,29404
238,16,2,22,29406
154,8,7,34,29424
208,20,5,42,29444
352,16,5,36,29457
251,18,5,38,29494
197,22,1,22,29523
125,28,1,28,29532
192,16,2,20,29535
159,34,2,38,29539
425,26,9,72,29557
114,10,2,16,29570
42,2,1,2,29574
283,8,1,8,29603
355,14,5,34,29658
165,16,2,18,29692
300,16,2,18,29695
48,10,1,10,29698
174,14,2,22,29765
145,2,2,8,29786
19,14,1,14,29801
80,12,1,12,29802
321,16,2,20,29849
355,4,7,38,29853
146,12,1,12,29902
221,6,6,42,29926
285,6,5,30,29954
361,10,12,64,30006
287,10,2,12,30012
236,12,2,16,30034
196,14,1,14,30054
215,10,1,10,30068
143,32,1,32,30146
312,10,7,42,30156
338,14,6,30,30198
208,14,2,22,30213
39,28,2,30,30214
266,10,1,10,30280
198,12,6,30,30281
245,28,2,34,30318
38,24,1,24,30321
265,8,1,8,30331
121,8,1,8,30410
34,24,1,24,30494
272,10,9,58,30540
29,10,1,10,30627
448,12,11,66,30672
286,10,5,34,30691
276,14,11,42,30706
167,26,7,64,30743
195,12,10,68,30751
151,16,1,16,30774
154,34,2,36,30779
259,32,7,72,30841
93,28,1,28,30868
183,14,11,64,30875
137,10,2,18,30883
322,12,2,16,30890
247,22,7,58,30896
133,24,1,24,30932
195,22,2,24,30975
47,34,1,34,31085
162,26,2,30,31098
76,4,3,10,31139
194,16,2,22,31174
169,16,1,16,31207
104,14,1,14,31213
249,4,2,6,31221
187,10,9,34,31265
142,12,1,12,31267
295,6,2,10,31292
106,28,2,34,31387
182,4,4,26,31461
19,16,1,16,31476
111,4,1,4,31478
183,16,2,20,31487
219,14,2,20,31514
63,14,1,14,31516
325,8,2,16,31531
225,12,8,42,31647
75,4,4,18,31670
300,30,12,92,31711
162,12,2,18,31728
315,12,5,26,31735
255,6,3,14,31746
66,18,1,18,31750
232,8,12,44,31757
187,6,1,6,31786
384,8,12,40,31855
140,14,1,14,31893
297,10,6,24,31926
263,16,1,16,31956
223,12,2,16,31958
440,12,10,64,31961
180,18,1,18,31963
209,12,7,36,31985
100,16,2,22,31996
25,10,1,10,32025
351,12,11,66,32028
271,16,11,82,32120
148,16,5,40,32123
198,10,5,28,32126
284,10,2,14,32154
355,2,12,68,32165
275,24,2,28,32176
285,16,11,76,32224
94,14,5,34,32249
144,30,1,30,32285
154,32,2,36,32301
323,14,9,56,32335
203,8,2,14,32378
124,12,6,46,32389
190,10,12,40,32390
360,30,10,74,32410
289,14,2,20,32441
16,14,1,14,32454
285,32,1,32,32465
144,6,8,24,32475
120,12,2,18,32485
118,32,2,34,32495
327,12,2,20,32581
131,14,2,22,32582
138,10,1,10,32618
175,4,6,28,32640
116,14,2,22,32677
348,12,4,26,32687
252,10,11,38,32870
30,14,2,18,32873
256,32,5,46,32910
203,8,1,8,33018
184,2,7,32,33045
320,8,5,26,33099
222,10,1,10,33116
36,8,1,8,33129
42,10,1,10,33150
318,6,10,62,33168
192,12,2,20,33264
442,18,11,42,33284
159,14,2,20,33319
199,22,2,28,33326
141,6,2,8,33337
218,4,11,50,33358
188,10,4,32,33375
189,16,2,20,33472
114,30,4,38,33475
226,10,1,10,33482
271,4,2,6,33503
291,14,1,14,33520
288,6,12,74,33574
363,28,10,68,33607
123,14,5,34,33617
446,8,12,42,33636
242,14,12,72,33661
158,14,2,20,33703
76,8,2,14,33768
239,10,2,12,33807
79,2,1,2,33830
433,28,9,48,33835
337,6,3,14,33846
173,18,2,24,33892
149,34,2,36,33900
395,16,12,78,33925
200,4,5,26,33942
192,14,9,62,33945
278,2,2,6,33951
186,2,2,8,34047
216,24,1,24,34059
194,14,2,18,34078
179,10,9,54,34096
254,16,2,18,34135
292,24,6,40,34205
306,8,6,36,34219
428,10,12,40,34221
267,14,5,30,34228
323,4,10,56,34235
155,16,9,64,34262
251,2,4,24,34279
217,2,2,4,34285
237,6,1,6,34287
231,16,2,20,34317
23,6,1,6,34347
373,14,5,30,34372
51,4,1,4,34398
124,36,2,42,34411
179,10,1,10,34429
309,6,1,6,34465
69,12,1,12,34485
330,10,6,44,34509
74,12,2,18,34514
299,8,2,16,34526
266,16,4,26,34540
360,10,9,56,34555
328,10,2,16,34570
228,12,1,12,34578
74,24,1,24,34644
239,12,2,16,34646
199,4,1,4,34689
348,2,6,26,34733
192,6,4,24,34740
344,10,6,36,34764
159,32,2,40,34766
206,4,10,44,34793
198,10,2,16,34814
86,16,2,20,34850
275,10,4,24,34852
63,16,1,16,34860
388,16,8,48,34895
137,10,5,26,34947
248,30,12,78,34978
384,4,11,68,35005
158,6,7,30,35012
267,16,2,20,35026
127,10,2,14,35031
114,8,2,16,35086
225,26,12,64,35126
189,10,10,56,35147
196,28,1,28,35159
265,14,10,36,35187
181,16,1,16,35196
83,4,1,4,35203
71,4,1,4,35204
101,12,2,16,35238
216,14,6,38,35254
64,16,1,16,35283
184,16,7,40,35304
124,8,5,24,35341
281,16,1,16,35375
124,14,5,42,35388
263,28,8,64,35401
201,28,8,62,35494
258,6,3,16,35508
276,16,2,18,35541
188,10,8,38,35553
128,12,1,12,35574
313,10,4,22,35596
193,12,1,12,35608
40,26,2,28,35627
218,8,4,26,35640
106,6,2,10,35651
290,10,1,10,35675
16,10,1,10,35728
202,10,12,60,35736
62,8,1,8,35768
423,16,9,42,35772
303,14,1,14,35781
45,30,2,38,35847
311,34,1,34,35848
294,14,11,48,35868
262,10,1,10,35891
369,6,8,48,35898
311,12,10,66,35934
255,8,11,40,35937
65,12,2,16,35942
106,2,1,2,36002
317,6,4,22,36009
221,16,2,24,36013
87,2,3,16,36017
395,10,12,54,36019
347,26,12,68,36026
249,2,12,38,36075
197,8,1,8,36086
213,14,11,44,36100
280,26,1,26,36132
182,18,1,18,36191
232,18,11,50,36227
126,2,2,10,36242
67,28,1,28,36277
260,32,6,44,36293
33,28,2,36,36364
148,6,5,36,36379
307,6,2,12,36409
371,16,6,38,36418
242,6,4,16,36440
304,32,2,38,36488
374,12,11,34,36500
270,14,6,38,36569
200,10,2,18,36587
259,12,5,30,36588
297,8,1,8,36602
97,10,2,18,36644
418,16,10,72,36711
148,2,1,2,36717
243,34,11,90,36750
257,10,1,10,36812
80,16,5,28,36892
86,30,5,52,36900
256,12,1,12,36902
308,4,4,26,36929
269,2,10,56,36934
98,6,1,6,36956
376,12,7,38,36957
108,6,4,30,37002
126,10,5,20,37005
134,20,1,20,37016
32,16,1,16,37019
327,6,11,30,37054
104,6,3,22,37055
265,14,2,18,37072
124,2,2,6,37130
71,16,2,20,37206
48,16,3,32,37216
71,14,1,14,37232
231,12,2,16,37295
56,26,1,26,37313
119,12,7,48,37330
58,16,1,16,37339
159,12,1,12,37345
26,14,1,14,37386
256,22,2,28,37437
235,22,2,28,37493
260,14,1,14,37534
45,14,2,22,37604
251,8,2,10,37620
222,8,9,44,37643
430,14,12,84,37674
107,4,2,6,37685
89,6,1,6,37705
291,14,5,34,37710
152,34,5,60,37749
406,16,11,46,37782
177,4,2,8,37784
135,6,2,12,37807
368,4,11,66,37819
286,12,9,58,37923
69,6,1,6,37954
331,16,12,46,38055
393,12,12,36,38062
262,12,4,30,38068
265,28,1,28,38107
134,12,2,18,38109
311,14,1,14,38111
225,10,8,28,38139
193,16,2,22,38168
418,2,10,48,38173
226,4,1,4,38193
289,24,2,26,38218
347,16,6,50,38219
206,14,2,18,38223
235,2,8,44,38249
152,18,1,18,38269
71,6,3,18,38295
223,12,11,40,38330
362,2,5,24,38333
63,28,1,28,38353
289,10,11,72,38368
295,10,4,32,38390
40,14,2,22,38395
367,16,5,38,38404
303,24,9,76,38418
120,6,1,6,38474
268,4,1,4,38480
99,2,2,6,38528
161,2,1,2,38530
390,30,9,76,38531
235,12,5,38,38600
344,8,4,28,38602
190,8,2,14,38658
74,14,2,20,38777
49,24,3,34,38791
48,22,2,24,38816
262,14,1,14,38817
188,10,7,42,38824
265,32,6,58,38825
165,16,2,22,38862
279,2,12,32,38892
237,2,1,2,38898
90,12,1,12,38914
229,2,2,8,38941
56,2,1,2,38963
237,14,1,14,38965
273,24,2,32,38968
310,16,4,32,38993
293,10,2,14,39009
388,16,12,52,39020
44,34,2,40,39029
72,10,2,14,39030
171,2,2,4,39066
74,8,3,18,39109
172,6,1,6,39124
33,16,1,16,39139
16,14,1,14,39144
117,2,2,4,39176
264,14,1,14,39196
222,14,1,14,39287
221,32,4,56,39302
240,10,1,10,39325
96,32,2,38,39333
191,10,1,10,39424
189,8,6,26,39434
185,16,6,32,39447
198,2,1,2,39470
272,2,7,40,39486
269,10,1,10,39504
85,24,1,24,39513
262,14,1,14,39533
46,8,1,8,39539
150,16,1,16,39549
308,34,1,34,39583
324,8,2,16,39592
226,24,7,66,39597
208,32,2,34,39603
164,12,4,28,39612
90,8,2,12,39664
278,18,2,20,39673
28,20,1,20,39732
46,6,2,8,39738
190,32,1,32,39748
164,10,1,10,39766
218,14,4,30,39818
212,2,1,2,39896
35,4,2,6,39910
84,12,3,22,39965
179,4,11,36,39971
299,6,2,14,40007
168,14,1,14,40009
249,2,3,8,40020
245,16,1,16,40023
83,36,1,36,40052
32,8,2,16,40075
100,4,2,12,40088
154,16,1,16,40118
36,6,2,10,40166
89,4,1,4,40202
15,16,1,16,40219
122,10,2,16,40243
152,14,2,20,40275
146,12,1,12,40289
199,20,1,20,40297
136,12,2,18,40391
212,22,1,22,40430
150,4,5,16,40456
116,16,5,30,40463
237,6,8,40,40480
264,2,4,26,40481
321,2,2,6,40544
118,6,6,30,40552
382,6,8,40,40613
283,8,2,14,40656
338,14,7,52,40658
254,8,2,12,40684
268,10,1,10,40696
46,14,2,16,40709
310,16,4,24,40715
239,28,2,30,40721
95,14,1,14,40741
96,2,2,6,40893
229,4,1,4,40895
133,14,2,22,40907
225,14,2,18,40957
318,12,2,16,40985
303,8,9,50,41063
352,14,12,52,41098
197,2,11,34,41123
130,16,1,16,41138
311,2,2,8,41165
369,18,11,78,41186
380,2,12,72,41222
174,16,2,24,41226
204,2,2,10,41230
95,10,1,10,41235
181,10,2,18,41275
179,26,2,32,41277
375,26,10,72,41284
365,16,10,66,41322
76,12,4,36,41332
139,2,2,10,41377
312,14,2,22,41411
60,22,2,28,41421
270,24,2,30,41499
92,20,4,34,41509
269,14,10,64,41517
55,28,2,36,41524
117,8,2,12,41550
166,30,1,30,41562
212,8,5,20,41581
185,2,6,28,41598
217,10,5,26,41620
86,10,1,10,41643
352,6,11,66,41690
155,10,9,34,41823
422,4,10,54,41873
218,12,1,12,41954
190,28,2,36,41971
349,16,12,42,41976
364,12,11,36,42029
192,14,9,62,42052
283,20,1,20,42083
125,2,2,10,42086
320,28,2,34,42095
240,28,1,28,42108
192,16,2,20,42114
68,10,3,20,42126
170,14,1,14,42135
206,36,2,44,42218
320,10,9,38,42237
121,2,1,2,42247
45,16,1,16,42290
145,2,1,2,42333
130,10,2,14,42334
73,14,1,14,42343
290,26,12,86,42374
435,28,11,64,42396
286,12,1,12,42450
218,2,1,2,42453
381,14,8,46,42455
106,20,5,46,42456
213,10,5,38,42481
25,18,1,18,42488
96,28,1,28,42491
157,10,1,10,42535
301,22,2,30,42612
277,4,2,12,42621
90,4,1,4,42656
170,10,2,14,42678
153,16,9,38,42707
367,10,12,60,42743
25,4,1,4,42785
321,32,2,38,42793
212,12,2,16,42807
261,28,1,28,42837
268,6,1,6,42853
76,2,1,2,42859
290,2,9,22,42874
379,26,9,52,42970
347,24,11,58,42971
258,16,1,16,43010
288,18,5,46,43014
404,14,11,60,43020
142,10,2,16,43041
36,8,2,16,43044
255,10,1,10,43046
189,2,4,22,43061
336,14,6,32,43084
93,14,2,16,43094
396,16,11,50,43106
316,2,9,32,43143
397,10,10,64,43175
244,16,6,42,43200
209,12,2,14,43229
308,20,12,70,43238
234,34,2,36,43307
313,12,1,12,43334
112,16,1,16,43374
191,12,4,34,43407
261,12,1,12,43433
61,12,3,30,43467
153,18,2,22,43469
370,14,6,30,43497
44,6,1,6,43537
179,14,11,62,43539
216,10,1,10,43548
166,32,9,68,43549
202,20,1,20,43573
277,14,6,46,43597
212,14,6,28,43603
152,16,1,16,43608
213,32,9,60,43621
38,6,2,14,43625
75,4,2,12,43628
173,16,2,20,43645
81,16,1,16,43649
257,2,1,2,43678
240,12,2,16,43715
63,34,2,40,43727
160,14,3,28,43741
328,12,2,18,43776
361,6,12,44,43792
257,10,5,24,43816
129,26,5,44,43856
185,10,8,42,43873
230,4,2,8,43892
273,12,1,12,43917
245,4,4,18,43950
308,20,1,20,43957
168,2,9,20,43962
100,26,1,26,43976
83,30,2,36,43982
111,2,4,14,43991
245,20,2,22,44018
329,16,6,38,44082
92,14,1,14,44092
290,10,9,62,44148
109,18,2,22,44228
160,8,3,20,44282
113,4,1,4,44287
266,6,7,38,44307
237,14,12,52,44308
313,14,1,14,44319
210,34,2,42,44330
146,12,2,18,44357
114,2,1,2,44374
185,14,2,16,44420
119,8,1,8,44421
161,10,2,18,44494
44,16,1,16,44501
340,14,4,30,44520
194,12,1,12,44533
325,4,3,20,44577
52,8,2,10,44592
67,10,1,10,44600
127,8,2,16,44658
274,6,10,28,44664
148,16,2,22,44819
216,2,12,52,44853
231,10,1,10,44903
260,6,5,20,44909
427,34,9,62,44948
157,14,1,14,44950
288,14,6,46,44983
127,12,2,20,45002
138,16,2,18,45007
292,12,2,14,45015
50,2,1,2,45064
54,14,1,14,45075
171,12,2,16,45106
306,6,2,12,45149
272,14,1,14,45171
120,8,1,8,45175
44,14,2,16,45195
76,12,1,12,45198
165,16,1,16,45227
120,12,1,12,45254
339,12,7,48,45303
215,4,5,18,45305
78,24,2,28,45315
96,18,2,20,45325
52,4,1,4,45368
29,16,1,16,45382
338,10,6,38,45428
54,28,1,28,45475
278,32,2,40,45493
310,16,1,16,45523
251,24,2,28,45543
111,12,2,16,45559
275,4,9,22,45591
135,10,5,24,45599
288,14,2,16,45626
24,4,1,4,45672
336,16,10,56,45682
222,12,10,54,45683
96,8,2,10,45707
113,34,6,56,45735
310,14,1,14,45803
90,14,2,16,45839
235,6,2,10,45860
404,36,8,56,45881
59,32,2,34,45898
155,12,1,12,45922
156,20,2,24,45927
287,26,1,26,45964
264,2,8,48,46049
69,12,2,18,46069
146,2,2,8,46074
218,16,2,22,46085
173,32,4,52,46118
292,6,11,62,46170
207,30,10,90,46172
120,14,2,16,46181
22,24,1,24,46239
254,12,4,24,46311
325,16,2,20,46315
186,34,1,34,46349
250,4,1,4,46386
237,18,12,82,46488
276,2,5,26,46500
300,14,1,14,46513
254,34,3,44,46536
159,14,2,16,46542
140,8,9,54,46557
278,10,5,26,46611
217,30,1,30,46618
426,10,12,62,46636
137,6,1,6,46652
327,8,2,12,46668
128,4,3,12,46689
277,2,5,24,46690
319,12,8,28,46714
171,2,1,2,46731
49,14,1,14,46862
137,10,2,14,46869
146,18,1,18,46881
251,8,2,14,46888
50,4,2,8,46929
244,4,6,24,46957
429,22,11,78,46960
315,16,2,18,46970
245,12,1,12,47003
182,32,9,82,47036
101,16,2,20,47041
214,4,2,10,47061
39,18,2,22,47104
104,8,2,12,47107
297,22,8,48,47170
214,28,2,34,47197
106,12,1,12,47207
106,6,1,6,47230
393,6,8,54,47256
364,6,6,18,47262
148,12,1,12,47283
264,16,1,16,47322
111,10,1,10,47341
475,4,12,70,47342
380,26,8,66,47344
274,12,6,32,47369
302,26,2,30,47382
204,2,2,10,47385
20,34,1,34,47409
204,8,1,8,47418
170,4,1,4,47421
113,16,1,16,47433
260,20,2,24,47463
97,6,1,6,47468
128,22,6,48,47470
74,6,1,6,47690
88,6,1,6,47693
40,12,2,14,47731
338,24,9,60,47771
329,10,2,14,47779
97,10,1,10,47801
151,32,2,38,47835
465,10,12,52,47875
91,14,1,14,47916
282,14,2,20,47986
461,10,11,58,48031
67,6,1,6,48036
303,8,5,36,48043
379,22,11,80,48048
371,14,11,64,48089
43,12,1,12,48127
236,14,12,46,48200
327,4,2,8,48280
236,2,6,20,48297
78,10,2,12,48311
287,10,4,22,48314
299,28,1,28,48322
142,14,8,58,48326
369,10,6,44,48347
392,28,11,90,48354
235,14,1,14,48364
32,4,2,12,48374
172,30,7,48,48384
207,12,2,18,48391
173,16,4,38,48393
404,14,11,64,48397
244,12,1,12,48471
284,6,4,16,48491
238,10,11,34,48494
98,14,5,30,48509
173,4,1,4,48536
341,14,7,38,48573
112,14,1,14,48597
389,12,9,36,48598
314,2,6,36,48643
154,10,9,54,48659
149,16,2,20,48690
197,4,2,12,48694
22,16,1,16,48708
249,2,2,8,48752
239,34,12,99,48775
107,22,3,30,48797
154,36,1,36,48798
125,14,3,22,48806
333,24,10,58,48829
416,8,11,36,48892
277,8,2,14,48903
204,12,2,14,48931
142,14,9,66,48945
225,16,4,34,48954
315,6,3,22,48975
61,18,2,24,49042
280,2,12,38,49057
55,8,2,12,49083
235,16,1,16,49094
80,28,1,28,49111
242,2,2,8,49120
222,26,1,26,49140
55,10,2,18,49144
80,14,2,20,49157
246,34,1,34,49163
314,8,2,16,49172
55,12,2,16,49203
240,10,11,62,49211
283,14,4,26,49217
350,12,5,30,49253
160,4,1,4,49274
296,20,1,20,49279
243,34,10,62,49291
233,10,2,18,49306
148,6,4,16,49329
26,6,1,6,49359
373,14,9,56,49454
27,6,1,6,49500
249,22,2,30,49505
284,2,12,50,49558
133,18,1,18,49568
319,10,10,58,49681
134,10,1,10,49698
192,8,1,8,49781
164,12,5,32,49801
294,10,1,10,49866
261,4,2,10,49872
41,32,1,32,49914
308,12,1,12,49962
